Scenario,Solver,n_features,n_samples,Time_ms,RelError,Timestamp
narrow,Gauss_Naive,6,6144,5.1095,1.679088e-01,2026-05-31 15:34:49
narrow,Gauss_Perminov,6,6144,5.88,1.679088e-01,2026-05-31 15:34:49
narrow,Gauss_Winograd,6,6144,5.1999,1.679088e-01,2026-05-31 15:34:49
narrow,Cholesky_Naive,6,6144,5.0508,1.679088e-01,2026-05-31 15:34:49
narrow,Cholesky_Perminov,6,6144,5.8042,1.679088e-01,2026-05-31 15:34:49
narrow,Cholesky_Winograd,6,6144,5.1704,1.679088e-01,2026-05-31 15:34:49
narrow,QR_Householder,6,6144,10.6607,2.202872e-01,2026-05-31 15:34:49
narrow,Gauss_Naive,8,6144,5.4897,1.631360e-01,2026-05-31 15:34:49
narrow,Gauss_Perminov,8,6144,7.7954,1.631360e-01,2026-05-31 15:34:49
narrow,Gauss_Winograd,8,6144,5.8005,1.631360e-01,2026-05-31 15:34:49
narrow,Cholesky_Naive,8,6144,5.5202,1.631360e-01,2026-05-31 15:34:49
narrow,Cholesky_Perminov,8,6144,7.7535,1.631360e-01,2026-05-31 15:34:50
narrow,Cholesky_Winograd,8,6144,5.7546,1.631360e-01,2026-05-31 15:34:50
narrow,QR_Householder,8,6144,18.9842,2.580481e-01,2026-05-31 15:34:50
narrow,Gauss_Naive,6,6144,3.8909,1.681036e-01,2026-05-31 15:34:50
narrow,Gauss_Perminov,6,6144,4.8864,1.681036e-01,2026-05-31 15:34:50
narrow,Gauss_Winograd,6,6144,4.0678,1.681036e-01,2026-05-31 15:34:50
narrow,Cholesky_Naive,6,6144,3.894,1.681036e-01,2026-05-31 15:34:50
narrow,Cholesky_Perminov,6,6144,4.8579,1.681036e-01,2026-05-31 15:34:50
narrow,Cholesky_Winograd,6,6144,4.0703,1.681036e-01,2026-05-31 15:34:50
narrow,QR_Householder,6,6144,10.6681,2.495827e-01,2026-05-31 15:34:50
narrow,Gauss_Naive,9,6144,7.7316,1.647418e-01,2026-05-31 15:34:50
narrow,Gauss_Perminov,9,6144,9.5382,1.647418e-01,2026-05-31 15:34:50
narrow,Gauss_Winograd,9,6144,6.9999,1.647418e-01,2026-05-31 15:34:50
narrow,Cholesky_Naive,9,6144,6.6485,1.647418e-01,2026-05-31 15:34:50
narrow,Cholesky_Perminov,9,6144,9.5735,1.647418e-01,2026-05-31 15:34:50
narrow,Cholesky_Winograd,9,6144,6.9877,1.647418e-01,2026-05-31 15:34:50
narrow,QR_Householder,9,6144,17.7354,1.943014e-01,2026-05-31 15:34:50
narrow,Gauss_Naive,12,6144,10.0564,1.614261e-01,2026-05-31 15:34:50
narrow,Gauss_Perminov,12,6144,14.8094,1.614261e-01,2026-05-31 15:34:51
narrow,Gauss_Winograd,12,6144,10.753,1.614261e-01,2026-05-31 15:34:51
narrow,Cholesky_Naive,12,6144,9.9226,1.614261e-01,2026-05-31 15:34:51
narrow,Cholesky_Perminov,12,6144,14.7064,1.614261e-01,2026-05-31 15:34:51
narrow,Cholesky_Winograd,12,6144,10.6517,1.614261e-01,2026-05-31 15:34:51
narrow,QR_Householder,12,6144,25.4281,2.359342e-01,2026-05-31 15:34:51
narrow,Gauss_Naive,8,6144,5.6066,1.649828e-01,2026-05-31 15:34:51
narrow,Gauss_Perminov,8,6144,8.0396,1.649828e-01,2026-05-31 15:34:51
narrow,Gauss_Winograd,8,6144,5.8975,1.649828e-01,2026-05-31 15:34:51
narrow,Cholesky_Naive,8,6144,5.5686,1.649828e-01,2026-05-31 15:34:51
narrow,Cholesky_Perminov,8,6144,7.786,1.649828e-01,2026-05-31 15:34:51
narrow,Cholesky_Winograd,8,6144,5.8076,1.649828e-01,2026-05-31 15:34:51
narrow,QR_Householder,8,6144,18.779,2.637985e-01,2026-05-31 15:34:51
narrow,Gauss_Naive,12,6144,16.1315,1.637532e-01,2026-05-31 15:34:51
narrow,Gauss_Perminov,12,6144,17.4004,1.637532e-01,2026-05-31 15:34:52
narrow,Gauss_Winograd,12,6144,14.8427,1.637532e-01,2026-05-31 15:34:52
narrow,Cholesky_Naive,12,6144,16.1055,1.637532e-01,2026-05-31 15:34:52
narrow,Cholesky_Perminov,12,6144,17.3357,1.637532e-01,2026-05-31 15:34:52
narrow,Cholesky_Winograd,12,6144,14.8294,1.637532e-01,2026-05-31 15:34:52
narrow,QR_Householder,12,6144,25.5042,2.005716e-01,2026-05-31 15:34:52
narrow,Gauss_Naive,16,6144,15.428,1.602372e-01,2026-05-31 15:34:52
narrow,Gauss_Perminov,16,6144,21.9329,1.602372e-01,2026-05-31 15:34:52
narrow,Gauss_Winograd,16,6144,16.3757,1.602372e-01,2026-05-31 15:34:53
narrow,Cholesky_Naive,16,6144,15.4475,1.602372e-01,2026-05-31 15:34:53
narrow,Cholesky_Perminov,16,6144,21.9267,1.602372e-01,2026-05-31 15:34:53
narrow,Cholesky_Winograd,16,6144,16.237,1.602372e-01,2026-05-31 15:34:53
narrow,QR_Householder,16,6144,85.1278,2.123496e-01,2026-05-31 15:34:53
narrow,Gauss_Naive,6,6144,3.688,1.394509e-01,2026-05-31 15:34:53
narrow,Gauss_Perminov,6,6144,4.8786,1.394509e-01,2026-05-31 15:34:53
narrow,Gauss_Winograd,6,6144,3.9369,1.394509e-01,2026-05-31 15:34:53
narrow,Cholesky_Naive,6,6144,3.8001,1.394509e-01,2026-05-31 15:34:53
narrow,Cholesky_Perminov,6,6144,4.8344,1.394509e-01,2026-05-31 15:34:54
narrow,Cholesky_Winograd,6,6144,3.873,1.394509e-01,2026-05-31 15:34:54
narrow,QR_Householder,6,6144,10.5403,1.944822e-01,2026-05-31 15:34:54
narrow,Gauss_Naive,10,6144,12.0921,1.351734e-01,2026-05-31 15:34:54
narrow,Gauss_Perminov,10,6144,11.8092,1.351734e-01,2026-05-31 15:34:54
narrow,Gauss_Winograd,10,6144,8.693,1.351734e-01,2026-05-31 15:34:54
narrow,Cholesky_Naive,10,6144,8.172,1.351734e-01,2026-05-31 15:34:54
narrow,Cholesky_Perminov,10,6144,11.6516,1.351734e-01,2026-05-31 15:34:54
narrow,Cholesky_Winograd,10,6144,8.615,1.351734e-01,2026-05-31 15:34:54
narrow,QR_Householder,10,6144,19.919,2.414797e-01,2026-05-31 15:34:54
narrow,Gauss_Naive,14,6144,12.4288,1.316354e-01,2026-05-31 15:34:54
narrow,Gauss_Perminov,14,6144,17.718,1.316354e-01,2026-05-31 15:34:54
narrow,Gauss_Winograd,14,6144,13.0121,1.316354e-01,2026-05-31 15:34:54
narrow,Cholesky_Naive,14,6144,12.335,1.316354e-01,2026-05-31 15:34:55
narrow,Cholesky_Perminov,14,6144,17.8547,1.316354e-01,2026-05-31 15:34:55
narrow,Cholesky_Winograd,14,6144,13.0064,1.316354e-01,2026-05-31 15:34:55
narrow,QR_Householder,14,6144,32.2622,2.234383e-01,2026-05-31 15:34:55
narrow,Gauss_Naive,9,6144,6.2895,1.355950e-01,2026-05-31 15:34:55
narrow,Gauss_Perminov,9,6144,9.4433,1.355950e-01,2026-05-31 15:34:55
narrow,Gauss_Winograd,9,6144,6.5902,1.355950e-01,2026-05-31 15:34:55
narrow,Cholesky_Naive,9,6144,6.2469,1.355950e-01,2026-05-31 15:34:55
narrow,Cholesky_Perminov,9,6144,9.4149,1.355950e-01,2026-05-31 15:34:55
narrow,Cholesky_Winograd,9,6144,6.5589,1.355950e-01,2026-05-31 15:34:55
narrow,QR_Householder,9,6144,17.4928,2.187871e-01,2026-05-31 15:34:55
narrow,Gauss_Naive,15,6144,13.8733,1.323721e-01,2026-05-31 15:34:55
narrow,Gauss_Perminov,15,6144,19.6682,1.323721e-01,2026-05-31 15:34:56
narrow,Gauss_Winograd,15,6144,14.5583,1.323721e-01,2026-05-31 15:34:56
narrow,Cholesky_Naive,15,6144,13.7906,1.323721e-01,2026-05-31 15:34:56
narrow,Cholesky_Perminov,15,6144,19.7184,1.323721e-01,2026-05-31 15:34:56
narrow,Cholesky_Winograd,15,6144,14.7068,1.323721e-01,2026-05-31 15:34:56
narrow,QR_Householder,15,6144,35.3154,2.273041e-01,2026-05-31 15:34:56
narrow,Gauss_Naive,21,6144,23.4727,1.303436e-01,2026-05-31 15:34:56
narrow,Gauss_Perminov,21,6144,32.2095,1.303436e-01,2026-05-31 15:34:57
narrow,Gauss_Winograd,21,6144,24.9378,1.303436e-01,2026-05-31 15:34:57
narrow,Cholesky_Naive,21,6144,23.6289,1.303436e-01,2026-05-31 15:34:57
narrow,Cholesky_Perminov,21,6144,32.4299,1.303436e-01,2026-05-31 15:34:57
narrow,Cholesky_Winograd,21,6144,24.8608,1.303436e-01,2026-05-31 15:34:57
narrow,QR_Householder,21,6144,57.3394,1.678308e-01,2026-05-31 15:34:58
narrow,Gauss_Naive,12,6144,9.9457,1.327874e-01,2026-05-31 15:34:58
narrow,Gauss_Perminov,12,6144,14.4357,1.327874e-01,2026-05-31 15:34:58
narrow,Gauss_Winograd,12,6144,10.6881,1.327874e-01,2026-05-31 15:34:58
narrow,Cholesky_Naive,12,6144,9.843,1.327874e-01,2026-05-31 15:34:58
narrow,Cholesky_Perminov,12,6144,14.3526,1.327874e-01,2026-05-31 15:34:58
narrow,Cholesky_Winograd,12,6144,10.6001,1.327874e-01,2026-05-31 15:34:58
narrow,QR_Householder,12,6144,25.8617,2.146378e-01,2026-05-31 15:34:58
narrow,Gauss_Naive,20,6144,32.8505,1.315151e-01,2026-05-31 15:34:58
narrow,Gauss_Perminov,20,6144,35.8609,1.315151e-01,2026-05-31 15:34:59
narrow,Gauss_Winograd,20,6144,30.7899,1.315151e-01,2026-05-31 15:34:59
narrow,Cholesky_Naive,20,6144,33.7701,1.315151e-01,2026-05-31 15:34:59
narrow,Cholesky_Perminov,20,6144,35.7606,1.315151e-01,2026-05-31 15:34:59
narrow,Cholesky_Winograd,20,6144,30.7175,1.315151e-01,2026-05-31 15:34:59
narrow,QR_Householder,20,6144,51.9529,2.051006e-01,2026-05-31 15:35:00
narrow,Gauss_Naive,28,6144,34.2844,1.295939e-01,2026-05-31 15:35:00
narrow,Gauss_Perminov,28,6144,51.5824,1.295939e-01,2026-05-31 15:35:00
narrow,Gauss_Winograd,28,6144,38.303,1.295939e-01,2026-05-31 15:35:01
narrow,Cholesky_Naive,28,6144,34.0778,1.295939e-01,2026-05-31 15:35:01
narrow,Cholesky_Perminov,28,6144,51.594,1.295939e-01,2026-05-31 15:35:01
narrow,Cholesky_Winograd,28,6144,38.2737,1.295939e-01,2026-05-31 15:35:01
narrow,QR_Householder,28,6144,87.4616,1.858657e-01,2026-05-31 15:35:02
narrow,Gauss_Naive,8,6144,5.6712,1.169236e-01,2026-05-31 15:35:02
narrow,Gauss_Perminov,8,6144,8.3326,1.169236e-01,2026-05-31 15:35:02
narrow,Gauss_Winograd,8,6144,5.9403,1.169236e-01,2026-05-31 15:35:02
narrow,Cholesky_Naive,8,6144,5.5441,1.169236e-01,2026-05-31 15:35:02
narrow,Cholesky_Perminov,8,6144,7.9903,1.169236e-01,2026-05-31 15:35:02
narrow,Cholesky_Winograd,8,6144,5.7724,1.169236e-01,2026-05-31 15:35:02
narrow,QR_Householder,8,6144,18.6749,2.703742e-01,2026-05-31 15:35:02
narrow,Gauss_Naive,14,6144,13.9071,1.143727e-01,2026-05-31 15:35:02
narrow,Gauss_Perminov,14,6144,19.4965,1.143727e-01,2026-05-31 15:35:02
narrow,Gauss_Winograd,14,6144,14.5323,1.143727e-01,2026-05-31 15:35:03
narrow,Cholesky_Naive,14,6144,13.8571,1.143727e-01,2026-05-31 15:35:03
narrow,Cholesky_Perminov,14,6144,19.3052,1.143727e-01,2026-05-31 15:35:03
narrow,Cholesky_Winograd,14,6144,14.5104,1.143727e-01,2026-05-31 15:35:03
narrow,QR_Householder,14,6144,31.8832,2.067769e-01,2026-05-31 15:35:03
narrow,Gauss_Naive,20,6144,22.399,1.120466e-01,2026-05-31 15:35:03
narrow,Gauss_Perminov,20,6144,29.7417,1.120466e-01,2026-05-31 15:35:03
narrow,Gauss_Winograd,20,6144,23.6065,1.120466e-01,2026-05-31 15:35:04
narrow,Cholesky_Naive,20,6144,22.4208,1.120466e-01,2026-05-31 15:35:04
narrow,Cholesky_Perminov,20,6144,29.7998,1.120466e-01,2026-05-31 15:35:04
narrow,Cholesky_Winograd,20,6144,23.5152,1.120466e-01,2026-05-31 15:35:04
narrow,QR_Householder,20,6144,51.8818,1.544950e-01,2026-05-31 15:35:04
narrow,Gauss_Naive,12,6144,10.6837,1.147233e-01,2026-05-31 15:35:04
narrow,Gauss_Perminov,12,6144,15.7924,1.147233e-01,2026-05-31 15:35:05
narrow,Gauss_Winograd,12,6144,11.5152,1.147233e-01,2026-05-31 15:35:05
narrow,Cholesky_Naive,12,6144,10.6606,1.147233e-01,2026-05-31 15:35:05
narrow,Cholesky_Perminov,12,6144,15.7319,1.147233e-01,2026-05-31 15:35:05
narrow,Cholesky_Winograd,12,6144,11.4206,1.147233e-01,2026-05-31 15:35:05
narrow,QR_Householder,12,6144,25.6231,2.323820e-01,2026-05-31 15:35:05
narrow,Gauss_Naive,21,6144,21.3648,1.121960e-01,2026-05-31 15:35:05
narrow,Gauss_Perminov,21,6144,31.1832,1.121960e-01,2026-05-31 15:35:05
narrow,Gauss_Winograd,21,6144,22.3733,1.121960e-01,2026-05-31 15:35:05
narrow,Cholesky_Naive,21,6144,21.4642,1.121960e-01,2026-05-31 15:35:06
narrow,Cholesky_Perminov,21,6144,31.1091,1.121960e-01,2026-05-31 15:35:06
narrow,Cholesky_Winograd,21,6144,22.4526,1.121960e-01,2026-05-31 15:35:06
narrow,QR_Householder,21,6144,57.2035,1.662033e-01,2026-05-31 15:35:06
narrow,Gauss_Naive,30,6144,46.0948,1.108975e-01,2026-05-31 15:35:07
narrow,Gauss_Perminov,30,6144,61.5676,1.108975e-01,2026-05-31 15:35:07
narrow,Gauss_Winograd,30,6144,46.2111,1.108975e-01,2026-05-31 15:35:07
narrow,Cholesky_Naive,30,6144,45.7356,1.108975e-01,2026-05-31 15:35:08
narrow,Cholesky_Perminov,30,6144,61.4657,1.108975e-01,2026-05-31 15:35:08
narrow,Cholesky_Winograd,30,6144,46.1352,1.108975e-01,2026-05-31 15:35:08
narrow,QR_Householder,30,6144,98.8168,1.567640e-01,2026-05-31 15:35:09
narrow,Gauss_Naive,16,6144,15.3096,1.126209e-01,2026-05-31 15:35:09
narrow,Gauss_Perminov,16,6144,20.6751,1.126209e-01,2026-05-31 15:35:09
narrow,Gauss_Winograd,16,6144,15.6032,1.126209e-01,2026-05-31 15:35:09
narrow,Cholesky_Naive,16,6144,15.2635,1.126209e-01,2026-05-31 15:35:09
narrow,Cholesky_Perminov,16,6144,20.7764,1.126209e-01,2026-05-31 15:35:09
narrow,Cholesky_Winograd,16,6144,15.4894,1.126209e-01,2026-05-31 15:35:09
narrow,QR_Householder,16,6144,84.7292,2.312997e-01,2026-05-31 15:35:10
narrow,Gauss_Naive,28,6144,36.2657,1.112982e-01,2026-05-31 15:35:10
narrow,Gauss_Perminov,28,6144,50.3669,1.112982e-01,2026-05-31 15:35:11
narrow,Gauss_Winograd,28,6144,36.3091,1.112982e-01,2026-05-31 15:35:11
narrow,Cholesky_Naive,28,6144,34.6974,1.112982e-01,2026-05-31 15:35:11
narrow,Cholesky_Perminov,28,6144,50.0284,1.112982e-01,2026-05-31 15:35:11
narrow,Cholesky_Winograd,28,6144,35.9761,1.112982e-01,2026-05-31 15:35:12
narrow,QR_Householder,28,6144,87.4264,1.635683e-01,2026-05-31 15:35:12
narrow,Gauss_Naive,40,6144,76.7285,1.101679e-01,2026-05-31 15:35:13
narrow,Gauss_Perminov,40,6144,99.9297,1.101679e-01,2026-05-31 15:35:13
narrow,Gauss_Winograd,40,6144,73.5067,1.101679e-01,2026-05-31 15:35:14
narrow,Cholesky_Naive,40,6144,76.1887,1.101679e-01,2026-05-31 15:35:14
narrow,Cholesky_Perminov,40,6144,98.8212,1.101679e-01,2026-05-31 15:35:15
narrow,Cholesky_Winograd,40,6144,73.4593,1.101679e-01,2026-05-31 15:35:15
narrow,QR_Householder,40,6144,252.9619,1.779690e-01,2026-05-31 15:35:17
wide,Gauss_Naive,6,6144,4.8631,4.727130e-01,2026-05-31 15:35:20
wide,Gauss_Perminov,6,6144,5.5539,4.727130e-01,2026-05-31 15:35:20
wide,Gauss_Winograd,6,6144,4.816,4.727130e-01,2026-05-31 15:35:20
wide,Cholesky_Naive,6,6144,4.6288,4.727130e-01,2026-05-31 15:35:20
wide,Cholesky_Perminov,6,6144,5.5186,4.727130e-01,2026-05-31 15:35:20
wide,Cholesky_Winograd,6,6144,4.7707,4.727130e-01,2026-05-31 15:35:20
wide,QR_Householder,6,6144,10.8892,4.970302e-01,2026-05-31 15:35:20
wide,Gauss_Naive,8,6144,6.9043,4.698154e-01,2026-05-31 15:35:20
wide,Gauss_Perminov,8,6144,8.7554,4.698154e-01,2026-05-31 15:35:20
wide,Gauss_Winograd,8,6144,7.4071,4.698154e-01,2026-05-31 15:35:20
wide,Cholesky_Naive,8,6144,7.788,4.698154e-01,2026-05-31 15:35:20
wide,Cholesky_Perminov,8,6144,8.6953,4.698154e-01,2026-05-31 15:35:20
wide,Cholesky_Winograd,8,6144,7.3974,4.698154e-01,2026-05-31 15:35:20
wide,QR_Householder,8,6144,18.6825,4.963781e-01,2026-05-31 15:35:20
wide,Gauss_Naive,6,6144,5.1726,4.669165e-01,2026-05-31 15:35:20
wide,Gauss_Perminov,6,6144,5.8637,4.669165e-01,2026-05-31 15:35:20
wide,Gauss_Winograd,6,6144,5.1073,4.669165e-01,2026-05-31 15:35:20
wide,Cholesky_Naive,6,6144,5.1167,4.669165e-01,2026-05-31 15:35:20
wide,Cholesky_Perminov,6,6144,5.8381,4.669165e-01,2026-05-31 15:35:20
wide,Cholesky_Winograd,6,6144,5.1456,4.669165e-01,2026-05-31 15:35:20
wide,QR_Householder,6,6144,10.6627,5.054695e-01,2026-05-31 15:35:21
wide,Gauss_Naive,9,6144,7.363,4.556470e-01,2026-05-31 15:35:21
wide,Gauss_Perminov,9,6144,9.9029,4.556470e-01,2026-05-31 15:35:21
wide,Gauss_Winograd,9,6144,7.987,4.556470e-01,2026-05-31 15:35:21
wide,Cholesky_Naive,9,6144,7.7757,4.556470e-01,2026-05-31 15:35:21
wide,Cholesky_Perminov,9,6144,9.8705,4.556470e-01,2026-05-31 15:35:21
wide,Cholesky_Winograd,9,6144,7.9312,4.556470e-01,2026-05-31 15:35:21
wide,QR_Householder,9,6144,17.5186,5.019364e-01,2026-05-31 15:35:21
wide,Gauss_Naive,12,6144,9.9723,4.537574e-01,2026-05-31 15:35:21
wide,Gauss_Perminov,12,6144,14.1163,4.537574e-01,2026-05-31 15:35:21
wide,Gauss_Winograd,12,6144,10.8204,4.537574e-01,2026-05-31 15:35:21
wide,Cholesky_Naive,12,6144,9.9439,4.537574e-01,2026-05-31 15:35:21
wide,Cholesky_Perminov,12,6144,13.93,4.537574e-01,2026-05-31 15:35:21
wide,Cholesky_Winograd,12,6144,10.6886,4.537574e-01,2026-05-31 15:35:21
wide,QR_Householder,12,6144,25.7754,5.048637e-01,2026-05-31 15:35:22
wide,Gauss_Naive,8,6144,8.1642,4.599788e-01,2026-05-31 15:35:22
wide,Gauss_Perminov,8,6144,9.401,4.599788e-01,2026-05-31 15:35:22
wide,Gauss_Winograd,8,6144,7.6583,4.599788e-01,2026-05-31 15:35:22
wide,Cholesky_Naive,8,6144,8.1196,4.599788e-01,2026-05-31 15:35:22
wide,Cholesky_Perminov,8,6144,9.2682,4.599788e-01,2026-05-31 15:35:22
wide,Cholesky_Winograd,8,6144,7.6564,4.599788e-01,2026-05-31 15:35:22
wide,QR_Householder,8,6144,18.6219,5.005990e-01,2026-05-31 15:35:22
wide,Gauss_Naive,12,6144,11.1159,4.497723e-01,2026-05-31 15:35:22
wide,Gauss_Perminov,12,6144,15.4752,4.497723e-01,2026-05-31 15:35:22
wide,Gauss_Winograd,12,6144,11.7414,4.497723e-01,2026-05-31 15:35:22
wide,Cholesky_Naive,12,6144,11.5284,4.497723e-01,2026-05-31 15:35:22
wide,Cholesky_Perminov,12,6144,15.2401,4.497723e-01,2026-05-31 15:35:22
wide,Cholesky_Winograd,12,6144,11.7738,4.497723e-01,2026-05-31 15:35:23
wide,QR_Householder,12,6144,25.7548,5.004759e-01,2026-05-31 15:35:23
wide,Gauss_Naive,16,6144,20.9676,4.465574e-01,2026-05-31 15:35:23
wide,Gauss_Perminov,16,6144,25.1372,4.465574e-01,2026-05-31 15:35:23
wide,Gauss_Winograd,16,6144,20.4533,4.465574e-01,2026-05-31 15:35:23
wide,Cholesky_Naive,16,6144,21.0791,4.465574e-01,2026-05-31 15:35:23
wide,Cholesky_Perminov,16,6144,25.1568,4.465574e-01,2026-05-31 15:35:23
wide,Cholesky_Winograd,16,6144,20.543,4.465574e-01,2026-05-31 15:35:24
wide,QR_Householder,16,6144,85.8806,1.089186e+00,2026-05-31 15:35:24
wide,Gauss_Naive,6,6144,3.8901,4.423674e-01,2026-05-31 15:35:24
wide,Gauss_Perminov,6,6144,5.2454,4.423674e-01,2026-05-31 15:35:24
wide,Gauss_Winograd,6,6144,4.1448,4.423674e-01,2026-05-31 15:35:24
wide,Cholesky_Naive,6,6144,4.0077,4.423674e-01,2026-05-31 15:35:24
wide,Cholesky_Perminov,6,6144,5.2866,4.423674e-01,2026-05-31 15:35:24
wide,Cholesky_Winograd,6,6144,4.1457,4.423674e-01,2026-05-31 15:35:24
wide,QR_Householder,6,6144,10.5345,5.278911e-01,2026-05-31 15:35:24
wide,Gauss_Naive,10,6144,8.4694,4.385158e-01,2026-05-31 15:35:24
wide,Gauss_Perminov,10,6144,11.2951,4.385158e-01,2026-05-31 15:35:24
wide,Gauss_Winograd,10,6144,8.6442,4.385158e-01,2026-05-31 15:35:25
wide,Cholesky_Naive,10,6144,8.148,4.385158e-01,2026-05-31 15:35:25
wide,Cholesky_Perminov,10,6144,11.5546,4.385158e-01,2026-05-31 15:35:25
wide,Cholesky_Winograd,10,6144,8.3787,4.385158e-01,2026-05-31 15:35:25
wide,QR_Householder,10,6144,20.2761,5.251857e-01,2026-05-31 15:35:25
wide,Gauss_Naive,14,6144,16.427,4.355012e-01,2026-05-31 15:35:25
wide,Gauss_Perminov,14,6144,20.4539,4.355012e-01,2026-05-31 15:35:25
wide,Gauss_Winograd,14,6144,16.0905,4.355012e-01,2026-05-31 15:35:25
wide,Cholesky_Naive,14,6144,16.1218,4.355012e-01,2026-05-31 15:35:25
wide,Cholesky_Perminov,14,6144,20.0973,4.355012e-01,2026-05-31 15:35:25
wide,Cholesky_Winograd,14,6144,15.6613,4.355012e-01,2026-05-31 15:35:25
wide,QR_Householder,14,6144,31.492,4.776716e-01,2026-05-31 15:35:26
wide,Gauss_Naive,9,6144,6.4935,4.362817e-01,2026-05-31 15:35:26
wide,Gauss_Perminov,9,6144,9.6685,4.362817e-01,2026-05-31 15:35:26
wide,Gauss_Winograd,9,6144,6.9711,4.362817e-01,2026-05-31 15:35:26
wide,Cholesky_Naive,9,6144,6.8022,4.362817e-01,2026-05-31 15:35:26
wide,Cholesky_Perminov,9,6144,9.7078,4.362817e-01,2026-05-31 15:35:26
wide,Cholesky_Winograd,9,6144,7.2547,4.362817e-01,2026-05-31 15:35:26
wide,QR_Householder,9,6144,17.5535,5.260033e-01,2026-05-31 15:35:26
wide,Gauss_Naive,15,6144,13.7538,4.238998e-01,2026-05-31 15:35:26
wide,Gauss_Perminov,15,6144,19.7526,4.238998e-01,2026-05-31 15:35:26
wide,Gauss_Winograd,15,6144,15.2747,4.238998e-01,2026-05-31 15:35:26
wide,Cholesky_Naive,15,6144,13.7699,4.238998e-01,2026-05-31 15:35:27
wide,Cholesky_Perminov,15,6144,20.0779,4.238998e-01,2026-05-31 15:35:27
wide,Cholesky_Winograd,15,6144,16.6944,4.238998e-01,2026-05-31 15:35:27
wide,QR_Householder,15,6144,35.4376,4.657300e-01,2026-05-31 15:35:27
wide,Gauss_Naive,21,6144,32.7508,4.202602e-01,2026-05-31 15:35:27
wide,Gauss_Perminov,21,6144,39.4635,4.202602e-01,2026-05-31 15:35:27
wide,Gauss_Winograd,21,6144,32.6235,4.202602e-01,2026-05-31 15:35:28
wide,Cholesky_Naive,21,6144,32.9798,4.202602e-01,2026-05-31 15:35:28
wide,Cholesky_Perminov,21,6144,39.6001,4.202602e-01,2026-05-31 15:35:28
wide,Cholesky_Winograd,21,6144,32.7869,4.202602e-01,2026-05-31 15:35:28
wide,QR_Householder,21,6144,57.4008,4.671940e-01,2026-05-31 15:35:29
wide,Gauss_Naive,12,6144,10.6229,4.298302e-01,2026-05-31 15:35:29
wide,Gauss_Perminov,12,6144,14.9452,4.298302e-01,2026-05-31 15:35:29
wide,Gauss_Winograd,12,6144,11.7517,4.298302e-01,2026-05-31 15:35:29
wide,Cholesky_Naive,12,6144,10.9848,4.298302e-01,2026-05-31 15:35:29
wide,Cholesky_Perminov,12,6144,14.8538,4.298302e-01,2026-05-31 15:35:29
wide,Cholesky_Winograd,12,6144,11.807,4.298302e-01,2026-05-31 15:35:29
wide,QR_Householder,12,6144,25.91,5.384630e-01,2026-05-31 15:35:29
wide,Gauss_Naive,20,6144,21.7421,4.171098e-01,2026-05-31 15:35:29
wide,Gauss_Perminov,20,6144,30.9648,4.171098e-01,2026-05-31 15:35:30
wide,Gauss_Winograd,20,6144,25.0931,4.171098e-01,2026-05-31 15:35:30
wide,Cholesky_Naive,20,6144,24.824,4.171098e-01,2026-05-31 15:35:30
wide,Cholesky_Perminov,20,6144,32.3162,4.171098e-01,2026-05-31 15:35:30
wide,Cholesky_Winograd,20,6144,26.8213,4.171098e-01,2026-05-31 15:35:30
wide,QR_Householder,20,6144,52.2498,4.781429e-01,2026-05-31 15:35:31
wide,Gauss_Naive,28,6144,42.2958,4.120405e-01,2026-05-31 15:35:31
wide,Gauss_Perminov,28,6144,59.8742,4.120405e-01,2026-05-31 15:35:31
wide,Gauss_Winograd,28,6144,42.4185,4.120405e-01,2026-05-31 15:35:32
wide,Cholesky_Naive,28,6144,40.4464,4.120405e-01,2026-05-31 15:35:32
wide,Cholesky_Perminov,28,6144,59.7955,4.120405e-01,2026-05-31 15:35:32
wide,Cholesky_Winograd,28,6144,42.3362,4.120405e-01,2026-05-31 15:35:32
wide,QR_Householder,28,6144,86.9265,5.165686e-01,2026-05-31 15:35:33
wide,Gauss_Naive,8,6144,5.6117,4.161899e-01,2026-05-31 15:35:33
wide,Gauss_Perminov,8,6144,8.3953,4.161899e-01,2026-05-31 15:35:33
wide,Gauss_Winograd,8,6144,5.8345,4.161899e-01,2026-05-31 15:35:33
wide,Cholesky_Naive,8,6144,5.6011,4.161899e-01,2026-05-31 15:35:33
wide,Cholesky_Perminov,8,6144,8.2397,4.161899e-01,2026-05-31 15:35:33
wide,Cholesky_Winograd,8,6144,5.8985,4.161899e-01,2026-05-31 15:35:33
wide,QR_Householder,8,6144,18.8903,5.150972e-01,2026-05-31 15:35:33
wide,Gauss_Naive,14,6144,20.6765,4.124728e-01,2026-05-31 15:35:34
wide,Gauss_Perminov,14,6144,22.8387,4.124728e-01,2026-05-31 15:35:34
wide,Gauss_Winograd,14,6144,20.0604,4.124728e-01,2026-05-31 15:35:34
wide,Cholesky_Naive,14,6144,20.6713,4.124728e-01,2026-05-31 15:35:34
wide,Cholesky_Perminov,14,6144,22.6398,4.124728e-01,2026-05-31 15:35:34
wide,Cholesky_Winograd,14,6144,19.9297,4.124728e-01,2026-05-31 15:35:34
wide,QR_Householder,14,6144,31.9654,4.627417e-01,2026-05-31 15:35:34
wide,Gauss_Naive,20,6144,21.6444,4.100501e-01,2026-05-31 15:35:35
wide,Gauss_Perminov,20,6144,31.4514,4.100501e-01,2026-05-31 15:35:35
wide,Gauss_Winograd,20,6144,25.7666,4.100501e-01,2026-05-31 15:35:35
wide,Cholesky_Naive,20,6144,22.7257,4.100501e-01,2026-05-31 15:35:35
wide,Cholesky_Perminov,20,6144,31.3859,4.100501e-01,2026-05-31 15:35:35
wide,Cholesky_Winograd,20,6144,25.0138,4.100501e-01,2026-05-31 15:35:35
wide,QR_Householder,20,6144,52.1924,4.822734e-01,2026-05-31 15:35:36
wide,Gauss_Naive,12,6144,10.0522,4.110980e-01,2026-05-31 15:35:36
wide,Gauss_Perminov,12,6144,14.8472,4.110980e-01,2026-05-31 15:35:36
wide,Gauss_Winograd,12,6144,11.2812,4.110980e-01,2026-05-31 15:35:36
wide,Cholesky_Naive,12,6144,10.1556,4.110980e-01,2026-05-31 15:35:36
wide,Cholesky_Perminov,12,6144,14.9448,4.110980e-01,2026-05-31 15:35:36
wide,Cholesky_Winograd,12,6144,10.9701,4.110980e-01,2026-05-31 15:35:36
wide,QR_Householder,12,6144,25.9475,4.838877e-01,2026-05-31 15:35:36
wide,Gauss_Naive,21,6144,24.7119,3.983273e-01,2026-05-31 15:35:37
wide,Gauss_Perminov,21,6144,34.8381,3.983273e-01,2026-05-31 15:35:37
wide,Gauss_Winograd,21,6144,25.8879,3.983273e-01,2026-05-31 15:35:37
wide,Cholesky_Naive,21,6144,24.7806,3.983273e-01,2026-05-31 15:35:37
wide,Cholesky_Perminov,21,6144,34.897,3.983273e-01,2026-05-31 15:35:37
wide,Cholesky_Winograd,21,6144,25.7375,3.983273e-01,2026-05-31 15:35:37
wide,QR_Householder,21,6144,57.8582,4.715730e-01,2026-05-31 15:35:38
wide,Gauss_Naive,30,6144,54.0968,3.934450e-01,2026-05-31 15:35:38
wide,Gauss_Perminov,30,6144,69.9671,3.934450e-01,2026-05-31 15:35:39
wide,Gauss_Winograd,30,6144,57.7656,3.934450e-01,2026-05-31 15:35:39
wide,Cholesky_Naive,30,6144,57.0549,3.934450e-01,2026-05-31 15:35:39
wide,Cholesky_Perminov,30,6144,70.1921,3.934450e-01,2026-05-31 15:35:40
wide,Cholesky_Winograd,30,6144,57.5468,3.934450e-01,2026-05-31 15:35:40
wide,QR_Householder,30,6144,98.3148,5.624637e-01,2026-05-31 15:35:41
wide,Gauss_Naive,16,6144,17.2972,4.057721e-01,2026-05-31 15:35:41
wide,Gauss_Perminov,16,6144,27.3637,4.057721e-01,2026-05-31 15:35:41
wide,Gauss_Winograd,16,6144,24.3044,4.057721e-01,2026-05-31 15:35:41
wide,Cholesky_Naive,16,6144,24.6147,4.057721e-01,2026-05-31 15:35:41
wide,Cholesky_Perminov,16,6144,28.1492,4.057721e-01,2026-05-31 15:35:41
wide,Cholesky_Winograd,16,6144,24.6744,4.057721e-01,2026-05-31 15:35:42
wide,QR_Householder,16,6144,85.8136,4.670107e-01,2026-05-31 15:35:42
wide,Gauss_Naive,28,6144,38.8257,3.906615e-01,2026-05-31 15:35:42
wide,Gauss_Perminov,28,6144,56.9805,3.906615e-01,2026-05-31 15:35:43
wide,Gauss_Winograd,28,6144,39.6381,3.906615e-01,2026-05-31 15:35:43
wide,Cholesky_Naive,28,6144,37.9888,3.906615e-01,2026-05-31 15:35:43
wide,Cholesky_Perminov,28,6144,56.9465,3.906615e-01,2026-05-31 15:35:44
wide,Cholesky_Winograd,28,6144,39.5475,3.906615e-01,2026-05-31 15:35:44
wide,QR_Householder,28,6144,87.3368,5.380294e-01,2026-05-31 15:35:44
wide,Gauss_Naive,40,6144,70.926,3.850526e-01,2026-05-31 15:35:45
wide,Gauss_Perminov,40,6144,103.1603,3.850526e-01,2026-05-31 15:35:45
wide,Gauss_Winograd,40,6144,71.3098,3.850526e-01,2026-05-31 15:35:46
wide,Cholesky_Naive,40,6144,69.1829,3.850526e-01,2026-05-31 15:35:46
wide,Cholesky_Perminov,40,6144,102.3819,3.850526e-01,2026-05-31 15:35:47
wide,Cholesky_Winograd,40,6144,70.6452,3.850526e-01,2026-05-31 15:35:47
wide,QR_Householder,40,6144,253.6674,4.767516e-01,2026-05-31 15:35:49
freqsel,Gauss_Naive,6,6144,3.2173,3.347436e-01,2026-05-31 15:35:52
freqsel,Gauss_Perminov,6,6144,4.6163,3.347436e-01,2026-05-31 15:35:52
freqsel,Gauss_Winograd,6,6144,3.4398,3.347436e-01,2026-05-31 15:35:52
freqsel,Cholesky_Naive,6,6144,3.2817,3.347436e-01,2026-05-31 15:35:52
freqsel,Cholesky_Perminov,6,6144,4.5126,3.347436e-01,2026-05-31 15:35:52
freqsel,Cholesky_Winograd,6,6144,3.4827,3.347436e-01,2026-05-31 15:35:52
freqsel,QR_Householder,6,6144,10.9781,3.354313e-01,2026-05-31 15:35:52
freqsel,Gauss_Naive,8,6144,4.8782,3.333937e-01,2026-05-31 15:35:52
freqsel,Gauss_Perminov,8,6144,6.2282,3.333937e-01,2026-05-31 15:35:52
freqsel,Gauss_Winograd,8,6144,5.086,3.333937e-01,2026-05-31 15:35:52
freqsel,Cholesky_Naive,8,6144,4.8543,3.333937e-01,2026-05-31 15:35:52
freqsel,Cholesky_Perminov,8,6144,6.2561,3.333937e-01,2026-05-31 15:35:52
freqsel,Cholesky_Winograd,8,6144,4.9251,3.333937e-01,2026-05-31 15:35:52
freqsel,QR_Householder,8,6144,19.3588,3.464996e-01,2026-05-31 15:35:52
freqsel,Gauss_Naive,6,6144,3.4901,3.345407e-01,2026-05-31 15:35:52
freqsel,Gauss_Perminov,6,6144,4.8142,3.345407e-01,2026-05-31 15:35:52
freqsel,Gauss_Winograd,6,6144,3.6751,3.345407e-01,2026-05-31 15:35:52
freqsel,Cholesky_Naive,6,6144,3.4075,3.345407e-01,2026-05-31 15:35:52
freqsel,Cholesky_Perminov,6,6144,4.7285,3.345407e-01,2026-05-31 15:35:52
freqsel,Cholesky_Winograd,6,6144,3.6603,3.345407e-01,2026-05-31 15:35:52
freqsel,QR_Householder,6,6144,10.7299,3.360553e-01,2026-05-31 15:35:52
freqsel,Gauss_Naive,9,6144,6.3541,3.326673e-01,2026-05-31 15:35:52
freqsel,Gauss_Perminov,9,6144,7.8706,3.326673e-01,2026-05-31 15:35:52
freqsel,Gauss_Winograd,9,6144,6.3831,3.326673e-01,2026-05-31 15:35:53
freqsel,Cholesky_Naive,9,6144,6.0844,3.326673e-01,2026-05-31 15:35:53
freqsel,Cholesky_Perminov,9,6144,7.9306,3.326673e-01,2026-05-31 15:35:53
freqsel,Cholesky_Winograd,9,6144,6.7296,3.326673e-01,2026-05-31 15:35:53
freqsel,QR_Householder,9,6144,17.953,3.347261e-01,2026-05-31 15:35:53
freqsel,Gauss_Naive,12,6144,10.5119,3.298486e-01,2026-05-31 15:35:53
freqsel,Gauss_Perminov,12,6144,14.1312,3.298486e-01,2026-05-31 15:35:53
freqsel,Gauss_Winograd,12,6144,10.7166,3.298486e-01,2026-05-31 15:35:53
freqsel,Cholesky_Naive,12,6144,10.4723,3.298486e-01,2026-05-31 15:35:53
freqsel,Cholesky_Perminov,12,6144,13.9483,3.298486e-01,2026-05-31 15:35:53
freqsel,Cholesky_Winograd,12,6144,10.9199,3.298486e-01,2026-05-31 15:35:53
freqsel,QR_Householder,12,6144,26.3389,3.443903e-01,2026-05-31 15:35:53
freqsel,Gauss_Naive,8,6144,4.9085,3.322367e-01,2026-05-31 15:35:53
freqsel,Gauss_Perminov,8,6144,7.1745,3.322367e-01,2026-05-31 15:35:54
freqsel,Gauss_Winograd,8,6144,5.1782,3.322367e-01,2026-05-31 15:35:54
freqsel,Cholesky_Naive,8,6144,4.8752,3.322367e-01,2026-05-31 15:35:54
freqsel,Cholesky_Perminov,8,6144,7.0047,3.322367e-01,2026-05-31 15:35:54
freqsel,Cholesky_Winograd,8,6144,5.2016,3.322367e-01,2026-05-31 15:35:54
freqsel,QR_Householder,8,6144,19.429,3.354724e-01,2026-05-31 15:35:54
freqsel,Gauss_Naive,12,6144,9.1913,3.287372e-01,2026-05-31 15:35:54
freqsel,Gauss_Perminov,12,6144,12.293,3.287372e-01,2026-05-31 15:35:54
freqsel,Gauss_Winograd,12,6144,10.1343,3.287372e-01,2026-05-31 15:35:54
freqsel,Cholesky_Naive,12,6144,8.8861,3.287372e-01,2026-05-31 15:35:54
freqsel,Cholesky_Perminov,12,6144,12.5873,3.287372e-01,2026-05-31 15:35:54
freqsel,Cholesky_Winograd,12,6144,9.5049,3.287372e-01,2026-05-31 15:35:54
freqsel,QR_Householder,12,6144,26.5735,3.322691e-01,2026-05-31 15:35:54
freqsel,Gauss_Naive,16,6144,17.2712,3.257208e-01,2026-05-31 15:35:54
freqsel,Gauss_Perminov,16,6144,22.5485,3.257208e-01,2026-05-31 15:35:55
freqsel,Gauss_Winograd,16,6144,17.5066,3.257208e-01,2026-05-31 15:35:55
freqsel,Cholesky_Naive,16,6144,17.2475,3.257208e-01,2026-05-31 15:35:55
freqsel,Cholesky_Perminov,16,6144,22.5305,3.257208e-01,2026-05-31 15:35:55
freqsel,Cholesky_Winograd,16,6144,17.0787,3.257208e-01,2026-05-31 15:35:55
freqsel,QR_Householder,16,6144,86.6001,3.415709e-01,2026-05-31 15:35:56
freqsel,Gauss_Naive,6,6144,3.4671,2.851182e-01,2026-05-31 15:35:56
freqsel,Gauss_Perminov,6,6144,4.8471,2.851182e-01,2026-05-31 15:35:56
freqsel,Gauss_Winograd,6,6144,3.7242,2.851182e-01,2026-05-31 15:35:56
freqsel,Cholesky_Naive,6,6144,3.5683,2.851182e-01,2026-05-31 15:35:56
freqsel,Cholesky_Perminov,6,6144,4.7438,2.851182e-01,2026-05-31 15:35:56
freqsel,Cholesky_Winograd,6,6144,3.6397,2.851182e-01,2026-05-31 15:35:56
freqsel,QR_Householder,6,6144,10.6707,2.899062e-01,2026-05-31 15:35:56
freqsel,Gauss_Naive,10,6144,6.5162,2.844092e-01,2026-05-31 15:35:56
freqsel,Gauss_Perminov,10,6144,9.3161,2.844092e-01,2026-05-31 15:35:56
freqsel,Gauss_Winograd,10,6144,6.9506,2.844092e-01,2026-05-31 15:35:56
freqsel,Cholesky_Naive,10,6144,6.6225,2.844092e-01,2026-05-31 15:35:56
freqsel,Cholesky_Perminov,10,6144,9.0338,2.844092e-01,2026-05-31 15:35:56
freqsel,Cholesky_Winograd,10,6144,7.198,2.844092e-01,2026-05-31 15:35:56
freqsel,QR_Householder,10,6144,20.3461,2.852274e-01,2026-05-31 15:35:56
freqsel,Gauss_Naive,14,6144,13.7304,2.838622e-01,2026-05-31 15:35:56
freqsel,Gauss_Perminov,14,6144,18.4129,2.838622e-01,2026-05-31 15:35:57
freqsel,Gauss_Winograd,14,6144,14.4093,2.838622e-01,2026-05-31 15:35:57
freqsel,Cholesky_Naive,14,6144,14.0366,2.838622e-01,2026-05-31 15:35:57
freqsel,Cholesky_Perminov,14,6144,18.2954,2.838622e-01,2026-05-31 15:35:57
freqsel,Cholesky_Winograd,14,6144,14.2716,2.838622e-01,2026-05-31 15:35:57
freqsel,QR_Householder,14,6144,31.9977,2.853147e-01,2026-05-31 15:35:57
freqsel,Gauss_Naive,9,6144,5.9606,2.842022e-01,2026-05-31 15:35:57
freqsel,Gauss_Perminov,9,6144,8.3017,2.842022e-01,2026-05-31 15:35:57
freqsel,Gauss_Winograd,9,6144,6.3309,2.842022e-01,2026-05-31 15:35:57
freqsel,Cholesky_Naive,9,6144,5.9173,2.842022e-01,2026-05-31 15:35:57
freqsel,Cholesky_Perminov,9,6144,8.2558,2.842022e-01,2026-05-31 15:35:57
freqsel,Cholesky_Winograd,9,6144,6.333,2.842022e-01,2026-05-31 15:35:57
freqsel,QR_Householder,9,6144,17.8899,2.874292e-01,2026-05-31 15:35:58
freqsel,Gauss_Naive,15,6144,11.958,2.833573e-01,2026-05-31 15:35:58
freqsel,Gauss_Perminov,15,6144,18.254,2.833573e-01,2026-05-31 15:35:58
freqsel,Gauss_Winograd,15,6144,12.7815,2.833573e-01,2026-05-31 15:35:58
freqsel,Cholesky_Naive,15,6144,11.9033,2.833573e-01,2026-05-31 15:35:58
freqsel,Cholesky_Perminov,15,6144,18.236,2.833573e-01,2026-05-31 15:35:58
freqsel,Cholesky_Winograd,15,6144,12.7795,2.833573e-01,2026-05-31 15:35:58
freqsel,QR_Householder,15,6144,36.1723,2.844998e-01,2026-05-31 15:35:58
freqsel,Gauss_Naive,21,6144,25.1576,2.824089e-01,2026-05-31 15:35:58
freqsel,Gauss_Perminov,21,6144,33.7025,2.824089e-01,2026-05-31 15:35:59
freqsel,Gauss_Winograd,21,6144,25.3629,2.824089e-01,2026-05-31 15:35:59
freqsel,Cholesky_Naive,21,6144,24.2868,2.824089e-01,2026-05-31 15:35:59
freqsel,Cholesky_Perminov,21,6144,33.5925,2.824089e-01,2026-05-31 15:35:59
freqsel,Cholesky_Winograd,21,6144,25.2683,2.824089e-01,2026-05-31 15:35:59
freqsel,QR_Householder,21,6144,58.5719,2.846904e-01,2026-05-31 15:36:00
freqsel,Gauss_Naive,12,6144,8.3065,2.830837e-01,2026-05-31 15:36:00
freqsel,Gauss_Perminov,12,6144,11.7621,2.830837e-01,2026-05-31 15:36:00
freqsel,Gauss_Winograd,12,6144,9.2029,2.830837e-01,2026-05-31 15:36:00
freqsel,Cholesky_Naive,12,6144,8.2614,2.830837e-01,2026-05-31 15:36:00
freqsel,Cholesky_Perminov,12,6144,11.6718,2.830837e-01,2026-05-31 15:36:00
freqsel,Cholesky_Winograd,12,6144,9.0822,2.830837e-01,2026-05-31 15:36:00
freqsel,QR_Householder,12,6144,26.1015,2.846835e-01,2026-05-31 15:36:00
freqsel,Gauss_Naive,20,6144,21.3189,2.815392e-01,2026-05-31 15:36:00
freqsel,Gauss_Perminov,20,6144,30.4982,2.815392e-01,2026-05-31 15:36:01
freqsel,Gauss_Winograd,20,6144,22.0879,2.815392e-01,2026-05-31 15:36:01
freqsel,Cholesky_Naive,20,6144,21.0108,2.815392e-01,2026-05-31 15:36:01
freqsel,Cholesky_Perminov,20,6144,30.262,2.815392e-01,2026-05-31 15:36:01
freqsel,Cholesky_Winograd,20,6144,21.6851,2.815392e-01,2026-05-31 15:36:01
freqsel,QR_Householder,20,6144,53.5598,2.837038e-01,2026-05-31 15:36:02
freqsel,Gauss_Naive,28,6144,38.1538,2.799032e-01,2026-05-31 15:36:02
freqsel,Gauss_Perminov,28,6144,55.2229,2.799032e-01,2026-05-31 15:36:02
freqsel,Gauss_Winograd,28,6144,39.1663,2.799032e-01,2026-05-31 15:36:02
freqsel,Cholesky_Naive,28,6144,37.7784,2.799032e-01,2026-05-31 15:36:03
freqsel,Cholesky_Perminov,28,6144,55.294,2.799032e-01,2026-05-31 15:36:03
freqsel,Cholesky_Winograd,28,6144,39.5812,2.799032e-01,2026-05-31 15:36:03
freqsel,QR_Householder,28,6144,88.7276,2.834926e-01,2026-05-31 15:36:04
freqsel,Gauss_Naive,8,6144,4.8596,2.659570e-01,2026-05-31 15:36:04
freqsel,Gauss_Perminov,8,6144,7.2373,2.659570e-01,2026-05-31 15:36:04
freqsel,Gauss_Winograd,8,6144,5.2276,2.659570e-01,2026-05-31 15:36:04
freqsel,Cholesky_Naive,8,6144,5.2414,2.659570e-01,2026-05-31 15:36:04
freqsel,Cholesky_Perminov,8,6144,7.1304,2.659570e-01,2026-05-31 15:36:04
freqsel,Cholesky_Winograd,8,6144,5.5083,2.659570e-01,2026-05-31 15:36:04
freqsel,QR_Householder,8,6144,19.1623,2.693600e-01,2026-05-31 15:36:04
freqsel,Gauss_Naive,14,6144,10.6281,2.605736e-01,2026-05-31 15:36:04
freqsel,Gauss_Perminov,14,6144,15.6093,2.605736e-01,2026-05-31 15:36:04
freqsel,Gauss_Winograd,14,6144,11.7434,2.605736e-01,2026-05-31 15:36:04
freqsel,Cholesky_Naive,14,6144,10.6842,2.605736e-01,2026-05-31 15:36:04
freqsel,Cholesky_Perminov,14,6144,15.3792,2.605736e-01,2026-05-31 15:36:05
freqsel,Cholesky_Winograd,14,6144,11.8014,2.605736e-01,2026-05-31 15:36:05
freqsel,QR_Householder,14,6144,32.5205,2.665272e-01,2026-05-31 15:36:05
freqsel,Gauss_Naive,20,6144,19.9958,2.572299e-01,2026-05-31 15:36:05
freqsel,Gauss_Perminov,20,6144,30.3586,2.572299e-01,2026-05-31 15:36:05
freqsel,Gauss_Winograd,20,6144,21.0996,2.572299e-01,2026-05-31 15:36:05
freqsel,Cholesky_Naive,20,6144,19.9093,2.572299e-01,2026-05-31 15:36:05
freqsel,Cholesky_Perminov,20,6144,30.2163,2.572299e-01,2026-05-31 15:36:06
freqsel,Cholesky_Winograd,20,6144,20.836,2.572299e-01,2026-05-31 15:36:06
freqsel,QR_Householder,20,6144,52.3492,2.623975e-01,2026-05-31 15:36:06
freqsel,Gauss_Naive,12,6144,8.1651,2.627356e-01,2026-05-31 15:36:06
freqsel,Gauss_Perminov,12,6144,11.5591,2.627356e-01,2026-05-31 15:36:06
freqsel,Gauss_Winograd,12,6144,9.3313,2.627356e-01,2026-05-31 15:36:06
freqsel,Cholesky_Naive,12,6144,8.1354,2.627356e-01,2026-05-31 15:36:06
freqsel,Cholesky_Perminov,12,6144,11.4817,2.627356e-01,2026-05-31 15:36:06
freqsel,Cholesky_Winograd,12,6144,9.2875,2.627356e-01,2026-05-31 15:36:06
freqsel,QR_Householder,12,6144,25.9553,2.665096e-01,2026-05-31 15:36:07
freqsel,Gauss_Naive,21,6144,21.7307,2.569386e-01,2026-05-31 15:36:07
freqsel,Gauss_Perminov,21,6144,33.0822,2.569386e-01,2026-05-31 15:36:07
freqsel,Gauss_Winograd,21,6144,23.4537,2.569386e-01,2026-05-31 15:36:07
freqsel,Cholesky_Naive,21,6144,21.84,2.569386e-01,2026-05-31 15:36:07
freqsel,Cholesky_Perminov,21,6144,32.9965,2.569386e-01,2026-05-31 15:36:07
freqsel,Cholesky_Winograd,21,6144,23.096,2.569386e-01,2026-05-31 15:36:08
freqsel,QR_Householder,21,6144,58.2217,2.678089e-01,2026-05-31 15:36:08
freqsel,Gauss_Naive,30,6144,41.5627,2.538037e-01,2026-05-31 15:36:08
freqsel,Gauss_Perminov,30,6144,61.4061,2.538037e-01,2026-05-31 15:36:09
freqsel,Gauss_Winograd,30,6144,43.2904,2.538037e-01,2026-05-31 15:36:09
freqsel,Cholesky_Naive,30,6144,41.4605,2.538037e-01,2026-05-31 15:36:09
freqsel,Cholesky_Perminov,30,6144,61.4143,2.538037e-01,2026-05-31 15:36:10
freqsel,Cholesky_Winograd,30,6144,43.2867,2.538037e-01,2026-05-31 15:36:10
freqsel,QR_Householder,30,6144,99.7403,2.575096e-01,2026-05-31 15:36:10
freqsel,Gauss_Naive,16,6144,13.3001,2.601133e-01,2026-05-31 15:36:10
freqsel,Gauss_Perminov,16,6144,20.6316,2.601133e-01,2026-05-31 15:36:11
freqsel,Gauss_Winograd,16,6144,14.3998,2.601133e-01,2026-05-31 15:36:11
freqsel,Cholesky_Naive,16,6144,13.2165,2.601133e-01,2026-05-31 15:36:11
freqsel,Cholesky_Perminov,16,6144,20.7468,2.601133e-01,2026-05-31 15:36:11
freqsel,Cholesky_Winograd,16,6144,14.2024,2.601133e-01,2026-05-31 15:36:11
freqsel,QR_Householder,16,6144,86.0118,2.640607e-01,2026-05-31 15:36:12
freqsel,Gauss_Naive,28,6144,38.9345,2.539005e-01,2026-05-31 15:36:12
freqsel,Gauss_Perminov,28,6144,55.7855,2.539005e-01,2026-05-31 15:36:12
freqsel,Gauss_Winograd,28,6144,40.0646,2.539005e-01,2026-05-31 15:36:12
freqsel,Cholesky_Naive,28,6144,38.7915,2.539005e-01,2026-05-31 15:36:13
freqsel,Cholesky_Perminov,28,6144,55.6603,2.539005e-01,2026-05-31 15:36:13
freqsel,Cholesky_Winograd,28,6144,40.0986,2.539005e-01,2026-05-31 15:36:13
freqsel,QR_Householder,28,6144,88.9952,2.614587e-01,2026-05-31 15:36:14
freqsel,Gauss_Naive,40,6144,66.2506,2.509106e-01,2026-05-31 15:36:14
freqsel,Gauss_Perminov,40,6144,100.4607,2.509106e-01,2026-05-31 15:36:15
freqsel,Gauss_Winograd,40,6144,69.0816,2.509106e-01,2026-05-31 15:36:15
freqsel,Cholesky_Naive,40,6144,67.3056,2.509106e-01,2026-05-31 15:36:16
freqsel,Cholesky_Perminov,40,6144,101.3383,2.509106e-01,2026-05-31 15:36:16
freqsel,Cholesky_Winograd,40,6144,68.3083,2.509106e-01,2026-05-31 15:36:17
freqsel,QR_Householder,40,6144,243.489,2.536663e-01,2026-05-31 15:36:18
lowfb,Gauss_Naive,6,6144,5.5436,3.509553e-01,2026-05-31 15:36:19
lowfb,Gauss_Perminov,6,6144,6.541,3.509553e-01,2026-05-31 15:36:19
lowfb,Gauss_Winograd,6,6144,5.6937,3.509553e-01,2026-05-31 15:36:20
lowfb,Cholesky_Naive,6,6144,5.4346,3.509553e-01,2026-05-31 15:36:20
lowfb,Cholesky_Perminov,6,6144,6.5015,3.509553e-01,2026-05-31 15:36:20
lowfb,Cholesky_Winograd,6,6144,5.6129,3.509553e-01,2026-05-31 15:36:20
lowfb,QR_Householder,6,6144,11.2626,3.736644e-01,2026-05-31 15:36:20
lowfb,Gauss_Naive,8,6144,6.7787,3.474157e-01,2026-05-31 15:36:20
lowfb,Gauss_Perminov,8,6144,8.6466,3.474157e-01,2026-05-31 15:36:20
lowfb,Gauss_Winograd,8,6144,6.7599,3.474157e-01,2026-05-31 15:36:20
lowfb,Cholesky_Naive,8,6144,6.6814,3.474157e-01,2026-05-31 15:36:20
lowfb,Cholesky_Perminov,8,6144,8.6524,3.474157e-01,2026-05-31 15:36:20
lowfb,Cholesky_Winograd,8,6144,6.6938,3.474157e-01,2026-05-31 15:36:20
lowfb,QR_Householder,8,6144,18.5796,3.726215e-01,2026-05-31 15:36:20
lowfb,Gauss_Naive,6,6144,3.8879,3.501303e-01,2026-05-31 15:36:20
lowfb,Gauss_Perminov,6,6144,5.3895,3.501303e-01,2026-05-31 15:36:20
lowfb,Gauss_Winograd,6,6144,4.2402,3.501303e-01,2026-05-31 15:36:20
lowfb,Cholesky_Naive,6,6144,3.8108,3.501303e-01,2026-05-31 15:36:20
lowfb,Cholesky_Perminov,6,6144,5.3802,3.501303e-01,2026-05-31 15:36:20
lowfb,Cholesky_Winograd,6,6144,4.2274,3.501303e-01,2026-05-31 15:36:20
lowfb,QR_Householder,6,6144,11.1858,3.725229e-01,2026-05-31 15:36:20
lowfb,Gauss_Naive,9,6144,8.8787,3.455017e-01,2026-05-31 15:36:20
lowfb,Gauss_Perminov,9,6144,10.4746,3.455017e-01,2026-05-31 15:36:21
lowfb,Gauss_Winograd,9,6144,8.5786,3.455017e-01,2026-05-31 15:36:21
lowfb,Cholesky_Naive,9,6144,8.4912,3.455017e-01,2026-05-31 15:36:21
lowfb,Cholesky_Perminov,9,6144,10.4899,3.455017e-01,2026-05-31 15:36:21
lowfb,Cholesky_Winograd,9,6144,8.5577,3.455017e-01,2026-05-31 15:36:21
lowfb,QR_Householder,9,6144,17.3398,3.752764e-01,2026-05-31 15:36:21
lowfb,Gauss_Naive,12,6144,14.2578,3.427508e-01,2026-05-31 15:36:21
lowfb,Gauss_Perminov,12,6144,17.1688,3.427508e-01,2026-05-31 15:36:21
lowfb,Gauss_Winograd,12,6144,13.9257,3.427508e-01,2026-05-31 15:36:21
lowfb,Cholesky_Naive,12,6144,14.0605,3.427508e-01,2026-05-31 15:36:21
lowfb,Cholesky_Perminov,12,6144,17.1242,3.427508e-01,2026-05-31 15:36:21
lowfb,Cholesky_Winograd,12,6144,13.7093,3.427508e-01,2026-05-31 15:36:21
lowfb,QR_Householder,12,6144,25.4352,3.736584e-01,2026-05-31 15:36:22
lowfb,Gauss_Naive,8,6144,5.6015,3.448514e-01,2026-05-31 15:36:22
lowfb,Gauss_Perminov,8,6144,8.196,3.448514e-01,2026-05-31 15:36:22
lowfb,Gauss_Winograd,8,6144,6.14,3.448514e-01,2026-05-31 15:36:22
lowfb,Cholesky_Naive,8,6144,5.603,3.448514e-01,2026-05-31 15:36:22
lowfb,Cholesky_Perminov,8,6144,8.1422,3.448514e-01,2026-05-31 15:36:22
lowfb,Cholesky_Winograd,8,6144,6.5097,3.448514e-01,2026-05-31 15:36:22
lowfb,QR_Householder,8,6144,19.0765,3.755838e-01,2026-05-31 15:36:22
lowfb,Gauss_Naive,12,6144,11.6172,3.384498e-01,2026-05-31 15:36:22
lowfb,Gauss_Perminov,12,6144,16.1473,3.384498e-01,2026-05-31 15:36:22
lowfb,Gauss_Winograd,12,6144,12.2381,3.384498e-01,2026-05-31 15:36:22
lowfb,Cholesky_Naive,12,6144,12.0306,3.384498e-01,2026-05-31 15:36:22
lowfb,Cholesky_Perminov,12,6144,15.6457,3.384498e-01,2026-05-31 15:36:22
lowfb,Cholesky_Winograd,12,6144,11.902,3.384498e-01,2026-05-31 15:36:23
lowfb,QR_Householder,12,6144,25.0464,3.761714e-01,2026-05-31 15:36:23
lowfb,Gauss_Naive,16,6144,21.1526,3.371049e-01,2026-05-31 15:36:23
lowfb,Gauss_Perminov,16,6144,25.3213,3.371049e-01,2026-05-31 15:36:23
lowfb,Gauss_Winograd,16,6144,19.0891,3.371049e-01,2026-05-31 15:36:23
lowfb,Cholesky_Naive,16,6144,19.7736,3.371049e-01,2026-05-31 15:36:23
lowfb,Cholesky_Perminov,16,6144,25.1718,3.371049e-01,2026-05-31 15:36:23
lowfb,Cholesky_Winograd,16,6144,19.2521,3.371049e-01,2026-05-31 15:36:23
lowfb,QR_Householder,16,6144,84.8087,3.749296e-01,2026-05-31 15:36:24
lowfb,Gauss_Naive,6,6144,3.7535,3.042057e-01,2026-05-31 15:36:24
lowfb,Gauss_Perminov,6,6144,5.4819,3.042057e-01,2026-05-31 15:36:24
lowfb,Gauss_Winograd,6,6144,4.4064,3.042057e-01,2026-05-31 15:36:24
lowfb,Cholesky_Naive,6,6144,4.2648,3.042057e-01,2026-05-31 15:36:24
lowfb,Cholesky_Perminov,6,6144,5.5322,3.042057e-01,2026-05-31 15:36:24
lowfb,Cholesky_Winograd,6,6144,4.3248,3.042057e-01,2026-05-31 15:36:24
lowfb,QR_Householder,6,6144,10.8466,3.490703e-01,2026-05-31 15:36:24
lowfb,Gauss_Naive,10,6144,8.8125,3.029584e-01,2026-05-31 15:36:24
lowfb,Gauss_Perminov,10,6144,11.1079,3.029584e-01,2026-05-31 15:36:24
lowfb,Gauss_Winograd,10,6144,9.0185,3.029584e-01,2026-05-31 15:36:24
lowfb,Cholesky_Naive,10,6144,8.3482,3.029584e-01,2026-05-31 15:36:25
lowfb,Cholesky_Perminov,10,6144,10.7488,3.029584e-01,2026-05-31 15:36:25
lowfb,Cholesky_Winograd,10,6144,7.824,3.029584e-01,2026-05-31 15:36:25
lowfb,QR_Householder,10,6144,19.8929,3.452861e-01,2026-05-31 15:36:25
lowfb,Gauss_Naive,14,6144,17.0582,3.008340e-01,2026-05-31 15:36:25
lowfb,Gauss_Perminov,14,6144,20.8214,3.008340e-01,2026-05-31 15:36:25
lowfb,Gauss_Winograd,14,6144,16.8551,3.008340e-01,2026-05-31 15:36:25
lowfb,Cholesky_Naive,14,6144,16.6806,3.008340e-01,2026-05-31 15:36:25
lowfb,Cholesky_Perminov,14,6144,20.9222,3.008340e-01,2026-05-31 15:36:25
lowfb,Cholesky_Winograd,14,6144,16.7269,3.008340e-01,2026-05-31 15:36:25
lowfb,QR_Householder,14,6144,31.2878,3.406618e-01,2026-05-31 15:36:26
lowfb,Gauss_Naive,9,6144,6.3178,3.021398e-01,2026-05-31 15:36:26
lowfb,Gauss_Perminov,9,6144,8.7148,3.021398e-01,2026-05-31 15:36:26
lowfb,Gauss_Winograd,9,6144,7.5146,3.021398e-01,2026-05-31 15:36:26
lowfb,Cholesky_Naive,9,6144,7.5432,3.021398e-01,2026-05-31 15:36:26
lowfb,Cholesky_Perminov,9,6144,9.1399,3.021398e-01,2026-05-31 15:36:26
lowfb,Cholesky_Winograd,9,6144,7.6874,3.021398e-01,2026-05-31 15:36:26
lowfb,QR_Householder,9,6144,17.4308,3.451184e-01,2026-05-31 15:36:26
lowfb,Gauss_Naive,15,6144,15.0934,2.989600e-01,2026-05-31 15:36:26
lowfb,Gauss_Perminov,15,6144,20.4555,2.989600e-01,2026-05-31 15:36:26
lowfb,Gauss_Winograd,15,6144,16.0329,2.989600e-01,2026-05-31 15:36:26
lowfb,Cholesky_Naive,15,6144,14.9329,2.989600e-01,2026-05-31 15:36:27
lowfb,Cholesky_Perminov,15,6144,20.5528,2.989600e-01,2026-05-31 15:36:27
lowfb,Cholesky_Winograd,15,6144,16.0653,2.989600e-01,2026-05-31 15:36:27
lowfb,QR_Householder,15,6144,34.8894,3.369032e-01,2026-05-31 15:36:27
lowfb,Gauss_Naive,21,6144,25.0962,2.971688e-01,2026-05-31 15:36:27
lowfb,Gauss_Perminov,21,6144,35.846,2.971688e-01,2026-05-31 15:36:27
lowfb,Gauss_Winograd,21,6144,27.8084,2.971688e-01,2026-05-31 15:36:28
lowfb,Cholesky_Naive,21,6144,27.0824,2.971688e-01,2026-05-31 15:36:28
lowfb,Cholesky_Perminov,21,6144,36.6483,2.971688e-01,2026-05-31 15:36:28
lowfb,Cholesky_Winograd,21,6144,27.7678,2.971688e-01,2026-05-31 15:36:28
lowfb,QR_Householder,21,6144,56.7388,3.299733e-01,2026-05-31 15:36:28
lowfb,Gauss_Naive,12,6144,12.2619,2.996587e-01,2026-05-31 15:36:29
lowfb,Gauss_Perminov,12,6144,15.8149,2.996587e-01,2026-05-31 15:36:29
lowfb,Gauss_Winograd,12,6144,12.2929,2.996587e-01,2026-05-31 15:36:29
lowfb,Cholesky_Naive,12,6144,12.0401,2.996587e-01,2026-05-31 15:36:29
lowfb,Cholesky_Perminov,12,6144,16.1705,2.996587e-01,2026-05-31 15:36:29
lowfb,Cholesky_Winograd,12,6144,12.0616,2.996587e-01,2026-05-31 15:36:29
lowfb,QR_Householder,12,6144,25.5915,3.367538e-01,2026-05-31 15:36:29
lowfb,Gauss_Naive,20,6144,22.526,2.938231e-01,2026-05-31 15:36:29
lowfb,Gauss_Perminov,20,6144,32.8842,2.938231e-01,2026-05-31 15:36:30
lowfb,Gauss_Winograd,20,6144,23.0375,2.938231e-01,2026-05-31 15:36:30
lowfb,Cholesky_Naive,20,6144,22.3505,2.938231e-01,2026-05-31 15:36:30
lowfb,Cholesky_Perminov,20,6144,32.93,2.938231e-01,2026-05-31 15:36:30
lowfb,Cholesky_Winograd,20,6144,22.9709,2.938231e-01,2026-05-31 15:36:30
lowfb,QR_Householder,20,6144,51.8342,3.214096e-01,2026-05-31 15:36:30
lowfb,Gauss_Naive,28,6144,37.8145,2.923091e-01,2026-05-31 15:36:31
lowfb,Gauss_Perminov,28,6144,51.8127,2.923091e-01,2026-05-31 15:36:31
lowfb,Gauss_Winograd,28,6144,37.3354,2.923091e-01,2026-05-31 15:36:31
lowfb,Cholesky_Naive,28,6144,35.9874,2.923091e-01,2026-05-31 15:36:31
lowfb,Cholesky_Perminov,28,6144,51.7696,2.923091e-01,2026-05-31 15:36:32
lowfb,Cholesky_Winograd,28,6144,55.1087,2.923091e-01,2026-05-31 15:36:32
lowfb,QR_Householder,28,6144,86.3806,3.169497e-01,2026-05-31 15:36:33
lowfb,Gauss_Naive,8,6144,5.9823,2.703836e-01,2026-05-31 15:36:33
lowfb,Gauss_Perminov,8,6144,9.1464,2.703836e-01,2026-05-31 15:36:33
lowfb,Gauss_Winograd,8,6144,6.769,2.703836e-01,2026-05-31 15:36:33
lowfb,Cholesky_Naive,8,6144,6.8225,2.703836e-01,2026-05-31 15:36:33
lowfb,Cholesky_Perminov,8,6144,9.0919,2.703836e-01,2026-05-31 15:36:33
lowfb,Cholesky_Winograd,8,6144,6.7783,2.703836e-01,2026-05-31 15:36:33
lowfb,QR_Householder,8,6144,28.663,3.345721e-01,2026-05-31 15:36:33
lowfb,Gauss_Naive,14,6144,12.4207,2.687738e-01,2026-05-31 15:36:33
lowfb,Gauss_Perminov,14,6144,18.284,2.687738e-01,2026-05-31 15:36:33
lowfb,Gauss_Winograd,14,6144,13.4217,2.687738e-01,2026-05-31 15:36:33
lowfb,Cholesky_Naive,14,6144,12.3486,2.687738e-01,2026-05-31 15:36:34
lowfb,Cholesky_Perminov,14,6144,18.125,2.687738e-01,2026-05-31 15:36:34
lowfb,Cholesky_Winograd,14,6144,13.1789,2.687738e-01,2026-05-31 15:36:34
lowfb,QR_Householder,14,6144,31.1973,3.189216e-01,2026-05-31 15:36:34
lowfb,Gauss_Naive,20,6144,22.415,2.671159e-01,2026-05-31 15:36:34
lowfb,Gauss_Perminov,20,6144,32.8771,2.671159e-01,2026-05-31 15:36:34
lowfb,Gauss_Winograd,20,6144,22.9949,2.671159e-01,2026-05-31 15:36:34
lowfb,Cholesky_Naive,20,6144,22.0879,2.671159e-01,2026-05-31 15:36:35
lowfb,Cholesky_Perminov,20,6144,32.8921,2.671159e-01,2026-05-31 15:36:35
lowfb,Cholesky_Winograd,20,6144,22.6725,2.671159e-01,2026-05-31 15:36:35
lowfb,QR_Householder,20,6144,51.3375,3.160120e-01,2026-05-31 15:36:35
lowfb,Gauss_Naive,12,6144,10.1486,2.686451e-01,2026-05-31 15:36:35
lowfb,Gauss_Perminov,12,6144,15.2898,2.686451e-01,2026-05-31 15:36:35
lowfb,Gauss_Winograd,12,6144,10.9393,2.686451e-01,2026-05-31 15:36:35
lowfb,Cholesky_Naive,12,6144,10.1094,2.686451e-01,2026-05-31 15:36:36
lowfb,Cholesky_Perminov,12,6144,15.2501,2.686451e-01,2026-05-31 15:36:36
lowfb,Cholesky_Winograd,12,6144,10.5941,2.686451e-01,2026-05-31 15:36:36
lowfb,QR_Householder,12,6144,25.2974,3.306494e-01,2026-05-31 15:36:36
lowfb,Gauss_Naive,21,6144,24.6895,2.657761e-01,2026-05-31 15:36:36
lowfb,Gauss_Perminov,21,6144,35.5064,2.657761e-01,2026-05-31 15:36:36
lowfb,Gauss_Winograd,21,6144,25.0014,2.657761e-01,2026-05-31 15:36:36
lowfb,Cholesky_Naive,21,6144,24.8714,2.657761e-01,2026-05-31 15:36:37
lowfb,Cholesky_Perminov,21,6144,35.4295,2.657761e-01,2026-05-31 15:36:37
lowfb,Cholesky_Winograd,21,6144,24.9074,2.657761e-01,2026-05-31 15:36:37
lowfb,QR_Householder,21,6144,56.6551,3.076901e-01,2026-05-31 15:36:37
lowfb,Gauss_Naive,30,6144,41.9761,2.644787e-01,2026-05-31 15:36:38
lowfb,Gauss_Perminov,30,6144,62.7321,2.644787e-01,2026-05-31 15:36:38
lowfb,Gauss_Winograd,30,6144,43.6404,2.644787e-01,2026-05-31 15:36:38
lowfb,Cholesky_Naive,30,6144,42.3747,2.644787e-01,2026-05-31 15:36:39
lowfb,Cholesky_Perminov,30,6144,61.225,2.644787e-01,2026-05-31 15:36:39
lowfb,Cholesky_Winograd,30,6144,43.6554,2.644787e-01,2026-05-31 15:36:39
lowfb,QR_Householder,30,6144,97.4076,3.012292e-01,2026-05-31 15:36:40
lowfb,Gauss_Naive,16,6144,19.5915,2.664650e-01,2026-05-31 15:36:40
lowfb,Gauss_Perminov,16,6144,23.5638,2.664650e-01,2026-05-31 15:36:40
lowfb,Gauss_Winograd,16,6144,19.3921,2.664650e-01,2026-05-31 15:36:40
lowfb,Cholesky_Naive,16,6144,19.6069,2.664650e-01,2026-05-31 15:36:40
lowfb,Cholesky_Perminov,16,6144,23.68,2.664650e-01,2026-05-31 15:36:40
lowfb,Cholesky_Winograd,16,6144,19.3403,2.664650e-01,2026-05-31 15:36:41
lowfb,QR_Householder,16,6144,84.2595,3.293830e-01,2026-05-31 15:36:41
lowfb,Gauss_Naive,28,6144,38.7609,2.618353e-01,2026-05-31 15:36:41
lowfb,Gauss_Perminov,28,6144,54.3706,2.618353e-01,2026-05-31 15:36:42
lowfb,Gauss_Winograd,28,6144,40.0024,2.618353e-01,2026-05-31 15:36:42
lowfb,Cholesky_Naive,28,6144,38.6513,2.618353e-01,2026-05-31 15:36:42
lowfb,Cholesky_Perminov,28,6144,54.3298,2.618353e-01,2026-05-31 15:36:42
lowfb,Cholesky_Winograd,28,6144,39.9736,2.618353e-01,2026-05-31 15:36:43
lowfb,QR_Householder,28,6144,87.2128,2.970365e-01,2026-05-31 15:36:43
lowfb,Gauss_Naive,40,6144,65.3759,2.605375e-01,2026-05-31 15:36:44
lowfb,Gauss_Perminov,40,6144,100.2302,2.605375e-01,2026-05-31 15:36:44
lowfb,Gauss_Winograd,40,6144,68.8109,2.605375e-01,2026-05-31 15:36:45
lowfb,Cholesky_Naive,40,6144,65.3807,2.605375e-01,2026-05-31 15:36:45
lowfb,Cholesky_Perminov,40,6144,100.2079,2.605375e-01,2026-05-31 15:36:46
lowfb,Cholesky_Winograd,40,6144,69.031,2.605375e-01,2026-05-31 15:36:46
lowfb,QR_Householder,40,6144,249.4875,2.908113e-01,2026-05-31 15:36:48
realtime,Gauss_Naive,6,6144,5.2916,2.214070e-01,2026-05-31 15:36:48
realtime,Gauss_Perminov,6,6144,5.8807,2.214070e-01,2026-05-31 15:36:48
realtime,Gauss_Winograd,6,6144,5.3739,2.214070e-01,2026-05-31 15:36:48
realtime,Cholesky_Naive,6,6144,5.3106,2.214070e-01,2026-05-31 15:36:48
realtime,Cholesky_Perminov,6,6144,5.8344,2.214070e-01,2026-05-31 15:36:49
realtime,Cholesky_Winograd,6,6144,5.3255,2.214070e-01,2026-05-31 15:36:49
realtime,QR_Householder,6,6144,10.997,2.375206e-01,2026-05-31 15:36:49
realtime,Gauss_Naive,8,6144,5.586,2.180283e-01,2026-05-31 15:36:49
realtime,Gauss_Perminov,8,6144,7.9874,2.180283e-01,2026-05-31 15:36:49
realtime,Gauss_Winograd,8,6144,5.9005,2.180283e-01,2026-05-31 15:36:49
realtime,Cholesky_Naive,8,6144,5.5966,2.180283e-01,2026-05-31 15:36:49
realtime,Cholesky_Perminov,8,6144,8.0574,2.180283e-01,2026-05-31 15:36:49
realtime,Cholesky_Winograd,8,6144,5.8471,2.180283e-01,2026-05-31 15:36:49
realtime,QR_Householder,8,6144,19.0107,2.346875e-01,2026-05-31 15:36:49
realtime,Gauss_Naive,6,6144,4.3352,2.195200e-01,2026-05-31 15:36:49
realtime,Gauss_Perminov,6,6144,5.5372,2.195200e-01,2026-05-31 15:36:49
realtime,Gauss_Winograd,6,6144,4.8762,2.195200e-01,2026-05-31 15:36:49
realtime,Cholesky_Naive,6,6144,4.2458,2.195200e-01,2026-05-31 15:36:49
realtime,Cholesky_Perminov,6,6144,5.5348,2.195200e-01,2026-05-31 15:36:49
realtime,Cholesky_Winograd,6,6144,4.8598,2.195200e-01,2026-05-31 15:36:49
realtime,QR_Householder,6,6144,10.6646,2.416705e-01,2026-05-31 15:36:49
realtime,Gauss_Naive,9,6144,7.4147,2.151867e-01,2026-05-31 15:36:49
realtime,Gauss_Perminov,9,6144,10.0401,2.151867e-01,2026-05-31 15:36:49
realtime,Gauss_Winograd,9,6144,8.4443,2.151867e-01,2026-05-31 15:36:49
realtime,Cholesky_Naive,9,6144,7.1801,2.151867e-01,2026-05-31 15:36:49
realtime,Cholesky_Perminov,9,6144,9.9748,2.151867e-01,2026-05-31 15:36:50
realtime,Cholesky_Winograd,9,6144,8.3929,2.151867e-01,2026-05-31 15:36:50
realtime,QR_Householder,9,6144,17.7833,2.403340e-01,2026-05-31 15:36:50
realtime,Gauss_Naive,12,6144,14.438,2.132020e-01,2026-05-31 15:36:50
realtime,Gauss_Perminov,12,6144,17.8254,2.132020e-01,2026-05-31 15:36:50
realtime,Gauss_Winograd,12,6144,14.8023,2.132020e-01,2026-05-31 15:36:50
realtime,Cholesky_Naive,12,6144,14.4294,2.132020e-01,2026-05-31 15:36:50
realtime,Cholesky_Perminov,12,6144,17.6547,2.132020e-01,2026-05-31 15:36:50
realtime,Cholesky_Winograd,12,6144,14.8072,2.132020e-01,2026-05-31 15:36:50
realtime,QR_Householder,12,6144,25.7187,2.290458e-01,2026-05-31 15:36:50
realtime,Gauss_Naive,8,6144,5.7885,2.151370e-01,2026-05-31 15:36:51
realtime,Gauss_Perminov,8,6144,8.4658,2.151370e-01,2026-05-31 15:36:51
realtime,Gauss_Winograd,8,6144,6.494,2.151370e-01,2026-05-31 15:36:51
realtime,Cholesky_Naive,8,6144,5.7679,2.151370e-01,2026-05-31 15:36:51
realtime,Cholesky_Perminov,8,6144,8.3395,2.151370e-01,2026-05-31 15:36:51
realtime,Cholesky_Winograd,8,6144,6.5256,2.151370e-01,2026-05-31 15:36:51
realtime,QR_Householder,8,6144,18.9605,2.399835e-01,2026-05-31 15:36:51
realtime,Gauss_Naive,12,6144,11.3108,2.127700e-01,2026-05-31 15:36:51
realtime,Gauss_Perminov,12,6144,15.4744,2.127700e-01,2026-05-31 15:36:51
realtime,Gauss_Winograd,12,6144,13.7655,2.127700e-01,2026-05-31 15:36:51
realtime,Cholesky_Naive,12,6144,11.1967,2.127700e-01,2026-05-31 15:36:51
realtime,Cholesky_Perminov,12,6144,15.4047,2.127700e-01,2026-05-31 15:36:51
realtime,Cholesky_Winograd,12,6144,13.598,2.127700e-01,2026-05-31 15:36:51
realtime,QR_Householder,12,6144,25.9085,2.344413e-01,2026-05-31 15:36:52
realtime,Gauss_Naive,16,6144,23.0812,2.112305e-01,2026-05-31 15:36:52
realtime,Gauss_Perminov,16,6144,27.2512,2.112305e-01,2026-05-31 15:36:52
realtime,Gauss_Winograd,16,6144,23.7255,2.112305e-01,2026-05-31 15:36:52
realtime,Cholesky_Naive,16,6144,23.0855,2.112305e-01,2026-05-31 15:36:52
realtime,Cholesky_Perminov,16,6144,27.2798,2.112305e-01,2026-05-31 15:36:52
realtime,Cholesky_Winograd,16,6144,23.5392,2.112305e-01,2026-05-31 15:36:53
realtime,QR_Householder,16,6144,85.7741,2.285654e-01,2026-05-31 15:36:53
realtime,Gauss_Naive,6,6144,4.2904,1.791622e-01,2026-05-31 15:36:53
realtime,Gauss_Perminov,6,6144,5.519,1.791622e-01,2026-05-31 15:36:53
realtime,Gauss_Winograd,6,6144,4.891,1.791622e-01,2026-05-31 15:36:53
realtime,Cholesky_Naive,6,6144,4.4212,1.791622e-01,2026-05-31 15:36:53
realtime,Cholesky_Perminov,6,6144,5.4762,1.791622e-01,2026-05-31 15:36:53
realtime,Cholesky_Winograd,6,6144,4.8816,1.791622e-01,2026-05-31 15:36:53
realtime,QR_Householder,6,6144,10.7738,2.096765e-01,2026-05-31 15:36:53
realtime,Gauss_Naive,10,6144,8.4883,1.759907e-01,2026-05-31 15:36:53
realtime,Gauss_Perminov,10,6144,11.6048,1.759907e-01,2026-05-31 15:36:53
realtime,Gauss_Winograd,10,6144,9.8717,1.759907e-01,2026-05-31 15:36:54
realtime,Cholesky_Naive,10,6144,8.4404,1.759907e-01,2026-05-31 15:36:54
realtime,Cholesky_Perminov,10,6144,11.6633,1.759907e-01,2026-05-31 15:36:54
realtime,Cholesky_Winograd,10,6144,9.8344,1.759907e-01,2026-05-31 15:36:54
realtime,QR_Householder,10,6144,20.4693,2.003191e-01,2026-05-31 15:36:54
realtime,Gauss_Naive,14,6144,14.2354,1.728679e-01,2026-05-31 15:36:54
realtime,Gauss_Perminov,14,6144,19.5436,1.728679e-01,2026-05-31 15:36:54
realtime,Gauss_Winograd,14,6144,17.1608,1.728679e-01,2026-05-31 15:36:54
realtime,Cholesky_Naive,14,6144,14.1362,1.728679e-01,2026-05-31 15:36:54
realtime,Cholesky_Perminov,14,6144,19.7155,1.728679e-01,2026-05-31 15:36:54
realtime,Cholesky_Winograd,14,6144,17.143,1.728679e-01,2026-05-31 15:36:54
realtime,QR_Householder,14,6144,32.4456,1.943346e-01,2026-05-31 15:36:55
realtime,Gauss_Naive,9,6144,7.3021,1.756187e-01,2026-05-31 15:36:55
realtime,Gauss_Perminov,9,6144,10.1443,1.756187e-01,2026-05-31 15:36:55
realtime,Gauss_Winograd,9,6144,8.371,1.756187e-01,2026-05-31 15:36:55
realtime,Cholesky_Naive,9,6144,7.2263,1.756187e-01,2026-05-31 15:36:55
realtime,Cholesky_Perminov,9,6144,10.1118,1.756187e-01,2026-05-31 15:36:55
realtime,Cholesky_Winograd,9,6144,8.4132,1.756187e-01,2026-05-31 15:36:55
realtime,QR_Householder,9,6144,17.8209,2.052712e-01,2026-05-31 15:36:55
realtime,Gauss_Naive,15,6144,15.3361,1.717496e-01,2026-05-31 15:36:55
realtime,Gauss_Perminov,15,6144,21.2295,1.717496e-01,2026-05-31 15:36:55
realtime,Gauss_Winograd,15,6144,17.4924,1.717496e-01,2026-05-31 15:36:55
realtime,Cholesky_Naive,15,6144,15.2424,1.717496e-01,2026-05-31 15:36:56
realtime,Cholesky_Perminov,15,6144,21.2752,1.717496e-01,2026-05-31 15:36:56
realtime,Cholesky_Winograd,15,6144,17.6552,1.717496e-01,2026-05-31 15:36:56
realtime,QR_Householder,15,6144,35.954,1.904870e-01,2026-05-31 15:36:56
realtime,Gauss_Naive,21,6144,26.193,1.701573e-01,2026-05-31 15:36:56
realtime,Gauss_Perminov,21,6144,36.2471,1.701573e-01,2026-05-31 15:36:56
realtime,Gauss_Winograd,21,6144,30.3062,1.701573e-01,2026-05-31 15:36:57
realtime,Cholesky_Naive,21,6144,26.17,1.701573e-01,2026-05-31 15:36:57
realtime,Cholesky_Perminov,21,6144,36.2826,1.701573e-01,2026-05-31 15:36:57
realtime,Cholesky_Winograd,21,6144,30.1033,1.701573e-01,2026-05-31 15:36:57
realtime,QR_Householder,21,6144,58.2414,1.875182e-01,2026-05-31 15:36:58
realtime,Gauss_Naive,12,6144,11.3238,1.721319e-01,2026-05-31 15:36:58
realtime,Gauss_Perminov,12,6144,16.0363,1.721319e-01,2026-05-31 15:36:58
realtime,Gauss_Winograd,12,6144,13.6112,1.721319e-01,2026-05-31 15:36:58
realtime,Cholesky_Naive,12,6144,11.1969,1.721319e-01,2026-05-31 15:36:58
realtime,Cholesky_Perminov,12,6144,16.0662,1.721319e-01,2026-05-31 15:36:58
realtime,Cholesky_Winograd,12,6144,13.5946,1.721319e-01,2026-05-31 15:36:58
realtime,QR_Householder,12,6144,26.125,1.947271e-01,2026-05-31 15:36:58
realtime,Gauss_Naive,20,6144,23.8824,1.696949e-01,2026-05-31 15:36:58
realtime,Gauss_Perminov,20,6144,33.4276,1.696949e-01,2026-05-31 15:36:59
realtime,Gauss_Winograd,20,6144,26.8734,1.696949e-01,2026-05-31 15:36:59
realtime,Cholesky_Naive,20,6144,23.8665,1.696949e-01,2026-05-31 15:36:59
realtime,Cholesky_Perminov,20,6144,33.3693,1.696949e-01,2026-05-31 15:36:59
realtime,Cholesky_Winograd,20,6144,26.8703,1.696949e-01,2026-05-31 15:36:59
realtime,QR_Householder,20,6144,52.6607,1.915735e-01,2026-05-31 15:37:00
realtime,Gauss_Naive,28,6144,41.3593,1.684074e-01,2026-05-31 15:37:00
realtime,Gauss_Perminov,28,6144,59.1055,1.684074e-01,2026-05-31 15:37:00
realtime,Gauss_Winograd,28,6144,42.3462,1.684074e-01,2026-05-31 15:37:01
realtime,Cholesky_Naive,28,6144,41.0854,1.684074e-01,2026-05-31 15:37:01
realtime,Cholesky_Perminov,28,6144,59.1027,1.684074e-01,2026-05-31 15:37:01
realtime,Cholesky_Winograd,28,6144,42.4359,1.684074e-01,2026-05-31 15:37:01
realtime,QR_Householder,28,6144,87.9971,1.875984e-01,2026-05-31 15:37:02
realtime,Gauss_Naive,8,6144,5.5691,1.501231e-01,2026-05-31 15:37:02
realtime,Gauss_Perminov,8,6144,8.5044,1.501231e-01,2026-05-31 15:37:02
realtime,Gauss_Winograd,8,6144,5.8972,1.501231e-01,2026-05-31 15:37:02
realtime,Cholesky_Naive,8,6144,5.6152,1.501231e-01,2026-05-31 15:37:02
realtime,Cholesky_Perminov,8,6144,8.3071,1.501231e-01,2026-05-31 15:37:02
realtime,Cholesky_Winograd,8,6144,5.9132,1.501231e-01,2026-05-31 15:37:02
realtime,QR_Householder,8,6144,18.8984,1.824548e-01,2026-05-31 15:37:02
realtime,Gauss_Naive,14,6144,20.6912,1.479267e-01,2026-05-31 15:37:03
realtime,Gauss_Perminov,14,6144,23.0422,1.479267e-01,2026-05-31 15:37:03
realtime,Gauss_Winograd,14,6144,20.0155,1.479267e-01,2026-05-31 15:37:03
realtime,Cholesky_Naive,14,6144,20.5988,1.479267e-01,2026-05-31 15:37:03
realtime,Cholesky_Perminov,14,6144,22.8655,1.479267e-01,2026-05-31 15:37:03
realtime,Cholesky_Winograd,14,6144,19.9113,1.479267e-01,2026-05-31 15:37:03
realtime,QR_Householder,14,6144,32.2394,1.968532e-01,2026-05-31 15:37:03
realtime,Gauss_Naive,20,6144,23.9272,1.457928e-01,2026-05-31 15:37:04
realtime,Gauss_Perminov,20,6144,33.43,1.457928e-01,2026-05-31 15:37:04
realtime,Gauss_Winograd,20,6144,26.9927,1.457928e-01,2026-05-31 15:37:04
realtime,Cholesky_Naive,20,6144,23.8742,1.457928e-01,2026-05-31 15:37:04
realtime,Cholesky_Perminov,20,6144,33.34,1.457928e-01,2026-05-31 15:37:04
realtime,Cholesky_Winograd,20,6144,26.7209,1.457928e-01,2026-05-31 15:37:04
realtime,QR_Householder,20,6144,52.083,1.770320e-01,2026-05-31 15:37:05
realtime,Gauss_Naive,12,6144,14.742,1.477302e-01,2026-05-31 15:37:05
realtime,Gauss_Perminov,12,6144,17.1761,1.477302e-01,2026-05-31 15:37:05
realtime,Gauss_Winograd,12,6144,14.9758,1.477302e-01,2026-05-31 15:37:05
realtime,Cholesky_Naive,12,6144,14.6328,1.477302e-01,2026-05-31 15:37:05
realtime,Cholesky_Perminov,12,6144,17.1544,1.477302e-01,2026-05-31 15:37:05
realtime,Cholesky_Winograd,12,6144,14.8528,1.477302e-01,2026-05-31 15:37:05
realtime,QR_Householder,12,6144,25.9867,1.764708e-01,2026-05-31 15:37:06
realtime,Gauss_Naive,21,6144,25.9047,1.451033e-01,2026-05-31 15:37:06
realtime,Gauss_Perminov,21,6144,36.3744,1.451033e-01,2026-05-31 15:37:06
realtime,Gauss_Winograd,21,6144,29.1909,1.451033e-01,2026-05-31 15:37:06
realtime,Cholesky_Naive,21,6144,26.0093,1.451033e-01,2026-05-31 15:37:06
realtime,Cholesky_Perminov,21,6144,36.3213,1.451033e-01,2026-05-31 15:37:07
realtime,Cholesky_Winograd,21,6144,29.1414,1.451033e-01,2026-05-31 15:37:07
realtime,QR_Householder,21,6144,57.5274,1.828318e-01,2026-05-31 15:37:07
realtime,Gauss_Naive,30,6144,43.0078,1.437362e-01,2026-05-31 15:37:07
realtime,Gauss_Perminov,30,6144,63.5248,1.437362e-01,2026-05-31 15:37:08
realtime,Gauss_Winograd,30,6144,44.5366,1.437362e-01,2026-05-31 15:37:08
realtime,Cholesky_Naive,30,6144,42.9279,1.437362e-01,2026-05-31 15:37:08
realtime,Cholesky_Perminov,30,6144,63.4768,1.437362e-01,2026-05-31 15:37:09
realtime,Cholesky_Winograd,30,6144,44.4394,1.437362e-01,2026-05-31 15:37:09
realtime,QR_Householder,30,6144,98.6462,1.707395e-01,2026-05-31 15:37:10
realtime,Gauss_Naive,16,6144,26.0964,1.456555e-01,2026-05-31 15:37:10
realtime,Gauss_Perminov,16,6144,28.1222,1.456555e-01,2026-05-31 15:37:10
realtime,Gauss_Winograd,16,6144,25.0409,1.456555e-01,2026-05-31 15:37:10
realtime,Cholesky_Naive,16,6144,26.0701,1.456555e-01,2026-05-31 15:37:10
realtime,Cholesky_Perminov,16,6144,28.2346,1.456555e-01,2026-05-31 15:37:10
realtime,Cholesky_Winograd,16,6144,24.9525,1.456555e-01,2026-05-31 15:37:11
realtime,QR_Householder,16,6144,85.4692,1.719876e-01,2026-05-31 15:37:11
realtime,Gauss_Naive,28,6144,40.6634,1.433795e-01,2026-05-31 15:37:11
realtime,Gauss_Perminov,28,6144,58.1904,1.433795e-01,2026-05-31 15:37:12
realtime,Gauss_Winograd,28,6144,41.8,1.433795e-01,2026-05-31 15:37:12
realtime,Cholesky_Naive,28,6144,40.5246,1.433795e-01,2026-05-31 15:37:12
realtime,Cholesky_Perminov,28,6144,58.0939,1.433795e-01,2026-05-31 15:37:13
realtime,Cholesky_Winograd,28,6144,41.7211,1.433795e-01,2026-05-31 15:37:13
realtime,QR_Householder,28,6144,87.1521,1.757404e-01,2026-05-31 15:37:13
realtime,Gauss_Naive,40,6144,69.3652,1.423835e-01,2026-05-31 15:37:14
realtime,Gauss_Perminov,40,6144,102.1588,1.423835e-01,2026-05-31 15:37:14
realtime,Gauss_Winograd,40,6144,71.1701,1.423835e-01,2026-05-31 15:37:15
realtime,Cholesky_Naive,40,6144,69.1298,1.423835e-01,2026-05-31 15:37:15
realtime,Cholesky_Perminov,40,6144,101.973,1.423835e-01,2026-05-31 15:37:16
realtime,Cholesky_Winograd,40,6144,71.1329,1.423835e-01,2026-05-31 15:37:16
realtime,QR_Householder,40,6144,269.9567,1.684325e-01,2026-05-31 15:37:18
